sample_index,gap_group,card_id,name,set_id,set_name,card_number,rarity,source_names,release_date,release_bucket,card_class,stratum,notes
1,eur_only,pokemon:en:sv06:173,Infernape,sv06,Twilight Masquerade,173,Illustration rare,cardmarket,2024-05-24,recent,alt_art,recent:alt_art,screenshot-example
2,eur_only,pokemon:en:sv10.5b:170,N's Plan,sv10.5b,Black Bolt,170,Special illustration rare,cardmarket,2025-07-17,recent,alt_art,recent:alt_art,screenshot-example
3,eur_only,pokemon:en:sv04.5:212,Forretress ex,sv04.5,Paldean Fates,212,Shiny Ultra Rare,cardmarket,2024-01-26,recent,alt_art,recent:alt_art,
4,eur_only,pokemon:en:sv04.5:001,Pineco,sv04.5,Paldean Fates,001,Common,cardmarket,2024-01-26,recent,standard,recent:standard,
5,eur_only,pokemon:en:swsh3.5:69,Drednaw V,swsh3.5,Champion's Path,69,Ultra Rare,cardmarket,2020-09-25,modern,alt_art,modern:alt_art,
6,eur_only,pokemon:en:swsh3.5:1,Venusaur V,swsh3.5,Champion's Path,1,Holo Rare V,cardmarket,2020-09-25,modern,standard,modern:standard,
7,eur_only,pokemon:en:xyp:XY176,Champions Festival,xyp,XY Black Star Promos,XY176,Common,cardmarket,2013-10-12,legacy,promo,legacy:promo,
8,eur_only,pokemon:en:xy10:105a,N,xy10,Fates Collide,105a,Ultra Rare,cardmarket,2016-05-02,legacy,alt_art,legacy:alt_art,
9,eur_only,pokemon:en:base1:8,Machamp,base1,Base Set,8,Rare,cardmarket,1999-01-09,legacy,standard,legacy:standard,
10,eur_only,pokemon:en:sv04.5:213,Toedscruel ex,sv04.5,Paldean Fates,213,Shiny Ultra Rare,cardmarket,2024-01-26,recent,alt_art,recent:alt_art,
11,eur_only,pokemon:en:sv04.5:002,Forretress ex,sv04.5,Paldean Fates,002,Double rare,cardmarket,2024-01-26,recent,standard,recent:standard,
12,eur_only,pokemon:en:swsh3.5:70,Gardevoir V,swsh3.5,Champion's Path,70,Ultra Rare,cardmarket,2020-09-25,modern,alt_art,modern:alt_art,
13,eur_only,pokemon:en:swsh3.5:10,Centiskorch,swsh3.5,Champion's Path,10,Holo Rare,cardmarket,2020-09-25,modern,standard,modern:standard,
14,eur_only,pokemon:en:xyp:XY177a,Karen,xyp,XY Black Star Promos,XY177a,Common,cardmarket,2013-10-12,legacy,promo,legacy:promo,
15,eur_only,pokemon:en:gym2:113,Cinnabar City Gym,gym2,Gym Challenge,113,Uncommon,cardmarket,2000-10-16,legacy,standard,legacy:standard,
16,eur_only,pokemon:en:sv04.5:214,Espathra ex,sv04.5,Paldean Fates,214,Shiny Ultra Rare,cardmarket,2024-01-26,recent,alt_art,recent:alt_art,
17,eur_only,pokemon:en:sv04.5:003,Maractus,sv04.5,Paldean Fates,003,Common,cardmarket,2024-01-26,recent,standard,recent:standard,
18,eur_only,pokemon:en:swsh3.5:71,Galarian Cursola V,swsh3.5,Champion's Path,71,Ultra Rare,cardmarket,2020-09-25,modern,alt_art,modern:alt_art,
19,eur_only,pokemon:en:swsh3.5:11,Carvanha,swsh3.5,Champion's Path,11,Common,cardmarket,2020-09-25,modern,standard,modern:standard,
20,eur_only,pokemon:en:xyp:XY202,Pikachu,xyp,XY Black Star Promos,XY202,Common,cardmarket,2013-10-12,legacy,promo,legacy:promo,
21,eur_only,pokemon:en:lc:1,Alakazam,lc,Legendary Collection,1,Rare,cardmarket,2002-05-24,legacy,standard,legacy:standard,
22,eur_only,pokemon:en:sv04.5:215,Alakazam ex,sv04.5,Paldean Fates,215,Shiny Ultra Rare,cardmarket,2024-01-26,recent,alt_art,recent:alt_art,
23,eur_only,pokemon:en:sv04.5:004,Toedscool,sv04.5,Paldean Fates,004,Common,cardmarket,2024-01-26,recent,standard,recent:standard,
24,eur_only,pokemon:en:swsh3.5:72,Grapploct V,swsh3.5,Champion's Path,72,Ultra Rare,cardmarket,2020-09-25,modern,alt_art,modern:alt_art,
25,eur_only,pokemon:en:swsh3.5:12,Sharpedo,swsh3.5,Champion's Path,12,Uncommon,cardmarket,2020-09-25,modern,standard,modern:standard,
26,eur_only,pokemon:en:xyp:XY67a,Jirachi,xyp,XY Black Star Promos,XY67a,Common,cardmarket,2013-10-12,legacy,promo,legacy:promo,
27,eur_only,pokemon:en:lc:10,Flareon,lc,Legendary Collection,10,Rare,cardmarket,2002-05-24,legacy,standard,legacy:standard,
28,eur_only,pokemon:en:sv04.5:216,Mew ex,sv04.5,Paldean Fates,216,Shiny Ultra Rare,cardmarket,2024-01-26,recent,alt_art,recent:alt_art,
29,eur_only,pokemon:en:sv04.5:005,Toedscruel ex,sv04.5,Paldean Fates,005,Double rare,cardmarket,2024-01-26,recent,standard,recent:standard,
30,eur_only,pokemon:en:swsh3.5:73,Hop,swsh3.5,Champion's Path,73,Ultra Rare,cardmarket,2020-09-25,modern,alt_art,modern:alt_art,
31,eur_only,pokemon:en:swsh3.5:13,Wailord V,swsh3.5,Champion's Path,13,Holo Rare V,cardmarket,2020-09-25,modern,standard,modern:standard,
32,eur_only,pokemon:en:g1:73a,Team Flare Grunt,g1,Generations,73a,Uncommon,cardmarket,2016-02-22,legacy,promo,legacy:promo,
33,eur_only,pokemon:en:lc:100,Full Heal Energy,lc,Legendary Collection,100,Uncommon,cardmarket,2002-05-24,legacy,standard,legacy:standard,
34,eur_only,pokemon:en:sv04.5:217,Gardevoir ex,sv04.5,Paldean Fates,217,Shiny Ultra Rare,cardmarket,2024-01-26,recent,alt_art,recent:alt_art,
35,eur_only,pokemon:en:sv04.5:006,Espathra ex,sv04.5,Paldean Fates,006,Double rare,cardmarket,2024-01-26,recent,standard,recent:standard,
36,eur_only,pokemon:en:swsh3.5:74,Charizard VMAX,swsh3.5,Champion's Path,74,Secret Rare,cardmarket,2020-09-25,modern,alt_art,modern:alt_art,
37,eur_only,pokemon:en:swsh3.5:14,Drednaw V,swsh3.5,Champion's Path,14,Holo Rare V,cardmarket,2020-09-25,modern,standard,modern:standard,
38,eur_only,pokemon:en:swshp:SWSH112,Cinderace,swshp,SWSH Black Star Promos,SWSH112,None,cardmarket,2019-11-15,legacy,promo,legacy:promo,
39,eur_only,pokemon:en:lc:101,Potion Energy,lc,Legendary Collection,101,Uncommon,cardmarket,2002-05-24,legacy,standard,legacy:standard,
40,eur_only,pokemon:en:sv04.5:218,Glimmora ex,sv04.5,Paldean Fates,218,Shiny Ultra Rare,cardmarket,2024-01-26,recent,alt_art,recent:alt_art,
41,eur_only,pokemon:en:sv04.5:007,Charmander,sv04.5,Paldean Fates,007,Common,cardmarket,2024-01-26,recent,standard,recent:standard,
42,eur_only,pokemon:en:swsh3.5:75,Drednaw VMAX,swsh3.5,Champion's Path,75,Secret Rare,cardmarket,2020-09-25,modern,alt_art,modern:alt_art,
43,eur_only,pokemon:en:swsh3.5:15,Drednaw VMAX,swsh3.5,Champion's Path,15,Holo Rare VMAX,cardmarket,2020-09-25,modern,standard,modern:standard,
44,eur_only,pokemon:en:swshp:SWSH113,Inteleon,swshp,SWSH Black Star Promos,SWSH113,None,cardmarket,2019-11-15,legacy,promo,legacy:promo,
45,eur_only,pokemon:en:lc:102,Pokémon Breeder,lc,Legendary Collection,102,Rare,cardmarket,2002-05-24,legacy,standard,legacy:standard,
46,eur_only,pokemon:en:sv04.5:219,Paldean Clodsire ex,sv04.5,Paldean Fates,219,Shiny Ultra Rare,cardmarket,2024-01-26,recent,alt_art,recent:alt_art,
47,eur_only,pokemon:en:sv04.5:008,Charmeleon,sv04.5,Paldean Fates,008,Uncommon,cardmarket,2024-01-26,recent,standard,recent:standard,
48,eur_only,pokemon:en:swsh3.5:76,Gardevoir VMAX,swsh3.5,Champion's Path,76,Secret Rare,cardmarket,2020-09-25,modern,alt_art,modern:alt_art,
49,eur_only,pokemon:en:swsh3.5:16,Gardevoir V,swsh3.5,Champion's Path,16,Holo Rare V,cardmarket,2020-09-25,modern,standard,modern:standard,
50,eur_only,pokemon:en:swshp:SWSH114,Cresselia,swshp,SWSH Black Star Promos,SWSH114,None,cardmarket,2019-11-15,legacy,promo,legacy:promo,
51,eur_only,pokemon:en:lc:103,Pokémon Trader,lc,Legendary Collection,103,Rare,cardmarket,2002-05-24,legacy,standard,legacy:standard,
52,eur_only,pokemon:en:sv04.5:220,Noivern ex,sv04.5,Paldean Fates,220,Shiny Ultra Rare,cardmarket,2024-01-26,recent,alt_art,recent:alt_art,
53,eur_only,pokemon:en:sv04.5:009,Magmar,sv04.5,Paldean Fates,009,Common,cardmarket,2024-01-26,recent,standard,recent:standard,
54,eur_only,pokemon:en:swsh3.5:77,Kabu,swsh3.5,Champion's Path,77,Secret Rare,cardmarket,2020-09-25,modern,alt_art,modern:alt_art,
55,eur_only,pokemon:en:swsh3.5:17,Gardevoir VMAX,swsh3.5,Champion's Path,17,Holo Rare VMAX,cardmarket,2020-09-25,modern,standard,modern:standard,
56,eur_only,pokemon:en:swshp:SWSH115,Passimian,swshp,SWSH Black Star Promos,SWSH115,None,cardmarket,2019-11-15,legacy,promo,legacy:promo,
57,eur_only,pokemon:en:lc:104,Scoop Up,lc,Legendary Collection,104,Rare,cardmarket,2002-05-24,legacy,standard,legacy:standard,
58,eur_only,pokemon:en:sv04.5:221,Pidgeot ex,sv04.5,Paldean Fates,221,Shiny Ultra Rare,cardmarket,2024-01-26,recent,alt_art,recent:alt_art,
59,eur_only,pokemon:en:sv04.5:010,Magmortar,sv04.5,Paldean Fates,010,Rare,cardmarket,2024-01-26,recent,standard,recent:standard,
60,eur_only,pokemon:en:swsh3.5:78,Piers,swsh3.5,Champion's Path,78,Secret Rare,cardmarket,2020-09-25,modern,alt_art,modern:alt_art,
61,eur_only,pokemon:en:swsh3.5:18,Hatenna,swsh3.5,Champion's Path,18,Common,cardmarket,2020-09-25,modern,standard,modern:standard,
62,eur_only,pokemon:en:lc:105,The Boss's Way,lc,Legendary Collection,105,Uncommon,cardmarket,2002-05-24,legacy,standard,legacy:standard,
63,eur_only,pokemon:en:sv04.5:222,Wigglytuff ex,sv04.5,Paldean Fates,222,Shiny Ultra Rare,cardmarket,2024-01-26,recent,alt_art,recent:alt_art,
64,eur_only,pokemon:en:sv04.5:011,Numel,sv04.5,Paldean Fates,011,Common,cardmarket,2024-01-26,recent,standard,recent:standard,
65,eur_only,pokemon:en:swsh3.5:79,Charizard V,swsh3.5,Champion's Path,79,Secret Rare,cardmarket,2020-09-25,modern,alt_art,modern:alt_art,
66,eur_only,pokemon:en:swsh3.5:19,Hattrem,swsh3.5,Champion's Path,19,Uncommon,cardmarket,2020-09-25,modern,standard,modern:standard,
67,eur_only,pokemon:en:lc:106,Challenge!,lc,Legendary Collection,106,Uncommon,cardmarket,2002-05-24,legacy,standard,legacy:standard,
68,eur_only,pokemon:en:sv04.5:223,Squawkabilly ex,sv04.5,Paldean Fates,223,Shiny Ultra Rare,cardmarket,2024-01-26,recent,alt_art,recent:alt_art,
69,eur_only,pokemon:en:sv04.5:012,Camerupt,sv04.5,Paldean Fates,012,Uncommon,cardmarket,2024-01-26,recent,standard,recent:standard,
70,eur_only,pokemon:en:swsh3.5:80,Suspicious Food Tin,swsh3.5,Champion's Path,80,Secret Rare,cardmarket,2020-09-25,modern,alt_art,modern:alt_art,
71,eur_only,pokemon:en:swsh3.5:2,Weedle,swsh3.5,Champion's Path,2,Common,cardmarket,2020-09-25,modern,standard,modern:standard,
72,eur_only,pokemon:en:lc:107,Energy Retrieval,lc,Legendary Collection,107,Uncommon,cardmarket,2002-05-24,legacy,standard,legacy:standard,
73,eur_only,pokemon:en:sv04.5:224,Wugtrio,sv04.5,Paldean Fates,224,Illustration rare,cardmarket,2024-01-26,recent,alt_art,recent:alt_art,
74,eur_only,pokemon:en:sv04.5:013,Heat Rotom,sv04.5,Paldean Fates,013,Rare,cardmarket,2024-01-26,recent,standard,recent:standard,
75,eur_only,pokemon:en:swsh4.5:10,Dhelmise VMAX,swsh4.5,Shining Fates,10,Ultra Rare,cardmarket,2021-02-19,modern,alt_art,modern:alt_art,
76,eur_only,pokemon:en:swsh3.5:20,Hatterene,swsh3.5,Champion's Path,20,Holo Rare,cardmarket,2020-09-25,modern,standard,modern:standard,
77,eur_only,pokemon:en:lc:108,Bill,lc,Legendary Collection,108,Common,cardmarket,2002-05-24,legacy,standard,legacy:standard,
78,eur_only,pokemon:en:sv04.5:225,Palafin,sv04.5,Paldean Fates,225,Illustration rare,cardmarket,2024-01-26,recent,alt_art,recent:alt_art,
79,eur_only,pokemon:en:sv04.5:014,Charcadet,sv04.5,Paldean Fates,014,Common,cardmarket,2024-01-26,recent,standard,recent:standard,
80,eur_only,pokemon:en:swsh4.5:64,Alcremie V,swsh4.5,Shining Fates,64,Ultra Rare,cardmarket,2021-02-19,modern,alt_art,modern:alt_art,
81,eur_only,pokemon:en:swsh3.5:21,Galarian Cursola V,swsh3.5,Champion's Path,21,Holo Rare V,cardmarket,2020-09-25,modern,standard,modern:standard,
82,eur_only,pokemon:en:lc:109,Mysterious Fossil,lc,Legendary Collection,109,Common,cardmarket,2002-05-24,legacy,standard,legacy:standard,
83,eur_only,pokemon:en:sv04.5:226,Pawmi,sv04.5,Paldean Fates,226,Illustration rare,cardmarket,2024-01-26,recent,alt_art,recent:alt_art,
84,eur_only,pokemon:en:sv04.5:015,Armarouge,sv04.5,Paldean Fates,015,Rare,cardmarket,2024-01-26,recent,standard,recent:standard,
85,eur_only,pokemon:en:swsh4.5:65,Ball Guy,swsh4.5,Shining Fates,65,Ultra Rare,cardmarket,2021-02-19,modern,alt_art,modern:alt_art,
86,eur_only,pokemon:en:swsh3.5:22,Alcremie V,swsh3.5,Champion's Path,22,Holo Rare V,cardmarket,2020-09-25,modern,standard,modern:standard,
87,eur_only,pokemon:en:lc:11,Gengar,lc,Legendary Collection,11,Rare,cardmarket,2002-05-24,legacy,standard,legacy:standard,
88,eur_only,pokemon:en:sv04.5:227,Clive,sv04.5,Paldean Fates,227,Ultra Rare,cardmarket,2024-01-26,recent,alt_art,recent:alt_art,
89,eur_only,pokemon:en:sv04.5:016,Lapras,sv04.5,Paldean Fates,016,Common,cardmarket,2024-01-26,recent,standard,recent:standard,
90,eur_only,pokemon:en:swsh4.5:66,Bird Keeper,swsh4.5,Shining Fates,66,Ultra Rare,cardmarket,2021-02-19,modern,alt_art,modern:alt_art,
91,eur_only,pokemon:en:swsh3.5:23,Alcremie VMAX,swsh3.5,Champion's Path,23,Holo Rare VMAX,cardmarket,2020-09-25,modern,standard,modern:standard,
92,eur_only,pokemon:en:lc:110,Potion,lc,Legendary Collection,110,Common,cardmarket,2002-05-24,legacy,standard,legacy:standard,
93,eur_only,pokemon:en:sv04.5:228,Judge,sv04.5,Paldean Fates,228,Ultra Rare,cardmarket,2024-01-26,recent,alt_art,recent:alt_art,
94,eur_only,pokemon:en:sv04.5:017,Frigibax,sv04.5,Paldean Fates,017,Common,cardmarket,2024-01-26,recent,standard,recent:standard,
95,eur_only,pokemon:en:swsh4.5:67,Cara Liss,swsh4.5,Shining Fates,67,Ultra Rare,cardmarket,2021-02-19,modern,alt_art,modern:alt_art,
96,eur_only,pokemon:en:swsh3.5:24,Machop,swsh3.5,Champion's Path,24,Common,cardmarket,2020-09-25,modern,standard,modern:standard,
97,eur_only,pokemon:en:lc:12,Gyarados,lc,Legendary Collection,12,Rare,cardmarket,2002-05-24,legacy,standard,legacy:standard,
98,eur_only,pokemon:en:sv04.5:229,Nemona,sv04.5,Paldean Fates,229,Ultra Rare,cardmarket,2024-01-26,recent,alt_art,recent:alt_art,
99,eur_only,pokemon:en:sv04.5:018,Pikachu,sv04.5,Paldean Fates,018,Common,cardmarket,2024-01-26,recent,standard,recent:standard,
100,eur_only,pokemon:en:swsh4.5:68,Gym Trainer,swsh4.5,Shining Fates,68,Ultra Rare,cardmarket,2021-02-19,modern,alt_art,modern:alt_art,
101,missing,pokemon:en:svp:047,Charmander,svp,SVP Black Star Promos,047,None,,2023-03-31,modern,promo,modern:promo,screenshot-example
102,missing,pokemon:en:P-A:001,Potion,P-A,Promos-A,001,None,,2024-10-30,recent,promo,recent:promo,
103,missing,pokemon:en:A1:001,Bulbasaur,A1,Genetic Apex,001,One Diamond,,2024-10-30,recent,standard,recent:standard,
104,missing,pokemon:en:svp:001,Sprigatito,svp,SVP Black Star Promos,001,None,,2023-03-31,modern,promo,modern:promo,
105,missing,pokemon:en:sv02:227,Flamigo,sv02,Paldea Evolved,227,Illustration rare,,2023-06-09,modern,alt_art,modern:alt_art,
106,missing,pokemon:en:fut2020:1,Pikachu on the Ball,fut2020,Pokémon Futsal 2020,1,None,,2020-09-11,modern,standard,modern:standard,
107,missing,pokemon:en:basep:1,Pikachu,basep,Wizards Black Star Promos,1,Common,,1999-07-01,legacy,promo,legacy:promo,
108,missing,pokemon:en:pop5:16,Espeon ★,pop5,POP Series 5,16,Ultra Rare,,2007-03-01,legacy,alt_art,legacy:alt_art,
109,missing,pokemon:en:lc:82,Nidoran♀,lc,Legendary Collection,82,Common,,2002-05-24,legacy,standard,legacy:standard,
110,missing,pokemon:en:P-A:002,X Speed,P-A,Promos-A,002,None,,2024-10-30,recent,promo,recent:promo,
111,missing,pokemon:en:A1:002,Ivysaur,A1,Genetic Apex,002,Two Diamond,,2024-10-30,recent,standard,recent:standard,
112,missing,pokemon:en:svp:002,Fuecoco,svp,SVP Black Star Promos,002,None,,2023-03-31,modern,promo,modern:promo,
113,missing,pokemon:en:fut2020:2,Eevee on the Ball,fut2020,Pokémon Futsal 2020,2,None,,2020-09-11,modern,standard,modern:standard,
114,missing,pokemon:en:basep:32,Smeargle,basep,Wizards Black Star Promos,32,Common,,1999-07-01,legacy,promo,legacy:promo,
115,missing,pokemon:en:pop5:17,Umbreon ★,pop5,POP Series 5,17,Ultra Rare,,2007-03-01,legacy,alt_art,legacy:alt_art,
116,missing,pokemon:en:lc:83,Nidoran♂,lc,Legendary Collection,83,Common,,2002-05-24,legacy,standard,legacy:standard,
117,missing,pokemon:en:P-A:003,Hand Scope,P-A,Promos-A,003,None,,2024-10-30,recent,promo,recent:promo,
118,missing,pokemon:en:A1:003,Venusaur,A1,Genetic Apex,003,Three Diamond,,2024-10-30,recent,standard,recent:standard,
119,missing,pokemon:en:svp:003,Quaxly,svp,SVP Black Star Promos,003,None,,2023-03-31,modern,promo,modern:promo,
120,missing,pokemon:en:fut2020:3,Grookey on the Ball,fut2020,Pokémon Futsal 2020,3,None,,2020-09-11,modern,standard,modern:standard,
121,missing,pokemon:en:np:23,Metang,np,Nintendo Black Star Promos,23,Common,,2003-10-01,legacy,promo,legacy:promo,
122,missing,pokemon:en:ex7:107,Mudkip Star,ex7,Team Rocket Returns,107,Rare,,2004-11-01,legacy,standard,legacy:standard,
123,missing,pokemon:en:P-A:004,Pokédex,P-A,Promos-A,004,None,,2024-10-30,recent,promo,recent:promo,
124,missing,pokemon:en:A1:004,Venusaur ex,A1,Genetic Apex,004,Four Diamond,,2024-10-30,recent,standard,recent:standard,
125,missing,pokemon:en:svp:004,Mimikyu ex,svp,SVP Black Star Promos,004,None,,2023-03-31,modern,promo,modern:promo,
126,missing,pokemon:en:fut2020:4,Scorbunny on the Ball,fut2020,Pokémon Futsal 2020,4,None,,2020-09-11,modern,standard,modern:standard,
127,missing,pokemon:en:np:27,Tropical Tidal Wave,np,Nintendo Black Star Promos,27,Common,,2003-10-01,legacy,promo,legacy:promo,
128,missing,pokemon:en:xy3:55a,M Lucario EX,xy3,Furious Fists,55a,Rare,,2014-08-13,legacy,standard,legacy:standard,
129,missing,pokemon:en:P-A:005,Poké Ball,P-A,Promos-A,005,None,,2024-10-30,recent,promo,recent:promo,
130,missing,pokemon:en:A1:005,Caterpie,A1,Genetic Apex,005,One Diamond,,2024-10-30,recent,standard,recent:standard,
131,missing,pokemon:en:svp:005,Quaquaval,svp,SVP Black Star Promos,005,None,,2023-03-31,modern,promo,modern:promo,
132,missing,pokemon:en:fut2020:5,Sobble on the Ball,fut2020,Pokémon Futsal 2020,5,None,,2020-09-11,modern,standard,modern:standard,
133,missing,pokemon:en:np:28,Championship Arena,np,Nintendo Black Star Promos,28,Common,,2003-10-01,legacy,promo,legacy:promo,
134,missing,pokemon:en:xy4:24a,M Manectric EX,xy4,Phantom Forces,24a,Rare,,2014-11-05,legacy,standard,legacy:standard,
135,missing,pokemon:en:P-A:006,Red Card,P-A,Promos-A,006,None,,2024-10-30,recent,promo,recent:promo,
136,missing,pokemon:en:A1:006,Metapod,A1,Genetic Apex,006,One Diamond,,2024-10-30,recent,standard,recent:standard,
137,missing,pokemon:en:svp:006,Pawmot,svp,SVP Black Star Promos,006,None,,2023-03-31,modern,promo,modern:promo,
138,missing,pokemon:en:swsh3.5:62,Professor's Research (Professor Magnolia),swsh3.5,Champion's Path,62,Holo Rare,,2020-09-25,modern,standard,modern:standard,
139,missing,pokemon:en:np:36,Tropical Tidal Wave,np,Nintendo Black Star Promos,36,Common,,2003-10-01,legacy,promo,legacy:promo,
140,missing,pokemon:en:sm4:63a,Guzzlord-GX,sm4,Crimson Invasion,63a,Rare,,2017-11-03,legacy,standard,legacy:standard,
141,missing,pokemon:en:P-A:007,Professor's Research,P-A,Promos-A,007,None,,2024-10-30,recent,promo,recent:promo,
142,missing,pokemon:en:A1:007,Butterfree,A1,Genetic Apex,007,Three Diamond,,2024-10-30,recent,standard,recent:standard,
143,missing,pokemon:en:svp:007,Hawlucha,svp,SVP Black Star Promos,007,None,,2023-03-31,modern,promo,modern:promo,
144,missing,pokemon:en:swsh4.5:58,Boss's Orders (Lysandre),swsh4.5,Shining Fates,58,Rare,,2021-02-19,modern,standard,modern:standard,
145,missing,pokemon:en:np:5,Mudkip,np,Nintendo Black Star Promos,5,Common,,2003-10-01,legacy,promo,legacy:promo,
146,missing,pokemon:en:P-A:008,Pokédex,P-A,Promos-A,008,None,,2024-10-30,recent,promo,recent:promo,
147,missing,pokemon:en:A1:008,Weedle,A1,Genetic Apex,008,One Diamond,,2024-10-30,recent,standard,recent:standard,
148,missing,pokemon:en:svp:008,Revavroom,svp,SVP Black Star Promos,008,None,,2023-03-31,modern,promo,modern:promo,
149,missing,pokemon:en:swsh4.5:60,Professor's Research (Professor Juniper),swsh4.5,Shining Fates,60,Rare,,2021-02-19,modern,standard,modern:standard,
150,missing,pokemon:en:np:6,Torchic,np,Nintendo Black Star Promos,6,Common,,2003-10-01,legacy,promo,legacy:promo,
151,missing,pokemon:en:P-A:009,Pikachu,P-A,Promos-A,009,None,,2024-10-30,recent,promo,recent:promo,
152,missing,pokemon:en:A1:009,Kakuna,A1,Genetic Apex,009,One Diamond,,2024-10-30,recent,standard,recent:standard,
153,missing,pokemon:en:svp:009,Spidops,svp,SVP Black Star Promos,009,None,,2023-03-31,modern,promo,modern:promo,
154,missing,pokemon:en:np:7,Treecko,np,Nintendo Black Star Promos,7,Common,,2003-10-01,legacy,promo,legacy:promo,
155,missing,pokemon:en:P-A:010,Mewtwo,P-A,Promos-A,010,None,,2024-10-30,recent,promo,recent:promo,
156,missing,pokemon:en:A1:010,Beedrill,A1,Genetic Apex,010,Three Diamond,,2024-10-30,recent,standard,recent:standard,
157,missing,pokemon:en:svp:010,Espathra,svp,SVP Black Star Promos,010,None,,2023-03-31,modern,promo,modern:promo,
158,missing,pokemon:en:dpp:DP05,Tropical Wind,dpp,DP Black Star Promos,DP05,Common,,2007-05-01,legacy,promo,legacy:promo,
159,missing,pokemon:en:P-A:011,Chansey,P-A,Promos-A,011,None,,2024-10-30,recent,promo,recent:promo,
160,missing,pokemon:en:A1:011,Oddish,A1,Genetic Apex,011,One Diamond,,2024-10-30,recent,standard,recent:standard,
161,missing,pokemon:en:svp:011,Arcanine,svp,SVP Black Star Promos,011,None,,2023-03-31,modern,promo,modern:promo,
162,missing,pokemon:en:dpp:DP25,Tropical Wind,dpp,DP Black Star Promos,DP25,Common,,2007-05-01,legacy,promo,legacy:promo,
163,missing,pokemon:en:P-A:012,Meowth,P-A,Promos-A,012,None,,2024-10-30,recent,promo,recent:promo,
164,missing,pokemon:en:A1:012,Gloom,A1,Genetic Apex,012,Two Diamond,,2024-10-30,recent,standard,recent:standard,
165,missing,pokemon:en:svp:012,Dondozo,svp,SVP Black Star Promos,012,None,,2023-03-31,modern,promo,modern:promo,
166,missing,pokemon:en:dpp:DP54,Beginning Door,dpp,DP Black Star Promos,DP54,Common,,2007-05-01,legacy,promo,legacy:promo,
167,missing,pokemon:en:P-A:013,Butterfree,P-A,Promos-A,013,None,,2024-10-30,recent,promo,recent:promo,
168,missing,pokemon:en:A1:013,Vileplume,A1,Genetic Apex,013,Three Diamond,,2024-10-30,recent,standard,recent:standard,
169,missing,pokemon:en:svp:013,Miraidon,svp,SVP Black Star Promos,013,None,,2023-03-31,modern,promo,modern:promo,
170,missing,pokemon:en:dpp:DP55,Ultimate Zone,dpp,DP Black Star Promos,DP55,Common,,2007-05-01,legacy,promo,legacy:promo,
171,missing,pokemon:en:P-A:014,Lapras ex,P-A,Promos-A,014,None,,2024-10-30,recent,promo,recent:promo,
172,missing,pokemon:en:A1:014,Paras,A1,Genetic Apex,014,One Diamond,,2024-10-30,recent,standard,recent:standard,
173,missing,pokemon:en:svp:014,Koraidon,svp,SVP Black Star Promos,014,None,,2023-03-31,modern,promo,modern:promo,
174,missing,pokemon:en:hgssp:HGSS01,Ho-Oh,hgssp,HGSS Black Star Promos,HGSS01,Common,,2010-02-11,legacy,promo,legacy:promo,
175,missing,pokemon:en:P-A:015,Pikachu,P-A,Promos-A,015,None,,2024-10-30,recent,promo,recent:promo,
176,missing,pokemon:en:A1:015,Parasect,A1,Genetic Apex,015,Two Diamond,,2024-10-30,recent,standard,recent:standard,
177,missing,pokemon:en:svp:015,Flaaffy,svp,SVP Black Star Promos,015,None,,2023-03-31,modern,promo,modern:promo,
178,missing,pokemon:en:hgssp:HGSS02,Lugia,hgssp,HGSS Black Star Promos,HGSS02,Common,,2010-02-11,legacy,promo,legacy:promo,
179,missing,pokemon:en:P-A:016,Clefairy,P-A,Promos-A,016,None,,2024-10-30,recent,promo,recent:promo,
180,missing,pokemon:en:A1:016,Venonat,A1,Genetic Apex,016,One Diamond,,2024-10-30,recent,standard,recent:standard,
181,missing,pokemon:en:svp:016,Ampharos ex,svp,SVP Black Star Promos,016,None,,2023-03-31,modern,promo,modern:promo,
182,missing,pokemon:en:hgssp:HGSS03,Pikachu,hgssp,HGSS Black Star Promos,HGSS03,Common,,2010-02-11,legacy,promo,legacy:promo,
183,missing,pokemon:en:P-A:017,Mankey,P-A,Promos-A,017,None,,2024-10-30,recent,promo,recent:promo,
184,missing,pokemon:en:A1:017,Venomoth,A1,Genetic Apex,017,Two Diamond,,2024-10-30,recent,standard,recent:standard,
185,missing,pokemon:en:svp:017,Lucario ex,svp,SVP Black Star Promos,017,None,,2023-03-31,modern,promo,modern:promo,
186,missing,pokemon:en:hgssp:HGSS04,Wobbuffet,hgssp,HGSS Black Star Promos,HGSS04,Common,,2010-02-11,legacy,promo,legacy:promo,
187,missing,pokemon:en:P-A:018,Venusaur,P-A,Promos-A,018,None,,2024-10-30,recent,promo,recent:promo,
188,missing,pokemon:en:A1:018,Bellsprout,A1,Genetic Apex,018,One Diamond,,2024-10-30,recent,standard,recent:standard,
189,missing,pokemon:en:svp:018,Cyclizar ex,svp,SVP Black Star Promos,018,None,,2023-03-31,modern,promo,modern:promo,
190,missing,pokemon:en:hgssp:HGSS05,Hoothoot,hgssp,HGSS Black Star Promos,HGSS05,Common,,2010-02-11,legacy,promo,legacy:promo,
191,missing,pokemon:en:P-A:019,Greninja,P-A,Promos-A,019,None,,2024-10-30,recent,promo,recent:promo,
192,missing,pokemon:en:A1:019,Weepinbell,A1,Genetic Apex,019,Two Diamond,,2024-10-30,recent,standard,recent:standard,
193,missing,pokemon:en:svp:019,Baxcalibur,svp,SVP Black Star Promos,019,None,,2023-03-31,modern,promo,modern:promo,
194,missing,pokemon:en:hgssp:HGSS06,Noctowl,hgssp,HGSS Black Star Promos,HGSS06,Common,,2010-02-11,legacy,promo,legacy:promo,
195,missing,pokemon:en:P-A:020,Haunter,P-A,Promos-A,020,None,,2024-10-30,recent,promo,recent:promo,
196,missing,pokemon:en:A1:020,Victreebel,A1,Genetic Apex,020,Three Diamond,,2024-10-30,recent,standard,recent:standard,
197,missing,pokemon:en:svp:020,Tinkaton,svp,SVP Black Star Promos,020,None,,2023-03-31,modern,promo,modern:promo,
198,missing,pokemon:en:hgssp:HGSS07,Feraligatr,hgssp,HGSS Black Star Promos,HGSS07,Common,,2010-02-11,legacy,promo,legacy:promo,
199,missing,pokemon:en:P-A:021,Onix,P-A,Promos-A,021,None,,2024-10-30,recent,promo,recent:promo,
200,missing,pokemon:en:A1:021,Exeggcute,A1,Genetic Apex,021,One Diamond,,2024-10-30,recent,standard,recent:standard,
